<?xml version="1.0" encoding="UTF-8"?>
<beans xmlns="http://www.springframework.org/schema/beans"
    xmlns:mvc="http://www.springframework.org/schema/mvc"
	xmlns:xsi="http://www.w3.org/2001/XMLSchema-instance" 
	xmlns:context="http://www.springframework.org/schema/context"
	xsi:schemaLocation="http://www.springframework.org/schema/beans
	http://www.springframework.org/schema/beans/spring-beans-3.0.xsd
	http://www.springframework.org/schema/mvc 
	http://www.springframework.org/schema/mvc/spring-mvc.xsd
	http://www.springframework.org/schema/context
	http://www.springframework.org/schema/context/spring-context-3.0.xsd">
	<mvc:annotation-driven />
        <mvc:interceptors>
            <mvc:interceptor>
                <mvc:mapping path="/**/*"/>
                <bean id="webContentInterceptor" class="org.springframework.web.servlet.mvc.WebContentInterceptor">
                    <property name="cacheSeconds" value="0"/>
                    <property name="useExpiresHeader" value="true"/>
                    <property name="useCacheControlHeader" value="true"/>
                    <property name="useCacheControlNoStore" value="true"/>
                </bean>
            </mvc:interceptor>
        </mvc:interceptors>
	<context:component-scan base-package="controller" />
	<bean id="viewResolver" class="org.springframework.web.servlet.view.InternalResourceViewResolver">
            <property name="prefix" value="/pages/" />
            <property name="suffix" value=".jsp" />
	</bean>
	<mvc:resources mapping="/resources/**" location="/resources/" />
        <bean class="org.springframework.beans.factory.config.PropertyPlaceholderConfigurer">
		<property name="location"><value>/WEB-INF/database.properties</value></property>
	</bean>
        <bean id="dataSource" class="org.apache.commons.dbcp.BasicDataSource">
		<property name="driverClassName" value="${jdbc.driverClassName}" />
		<property name="url" value="${jdbc.url}" />
		<property name="username" value="${jdbc.username}" />
		<property name="password" value="${jdbc.password}" />
	</bean>
        <bean id="multipartResolver" class="org.springframework.web.multipart.commons.CommonsMultipartResolver">
            <property name="maxUploadSize" value="1000000000"/>
        </bean>
        
        <bean id="secondDAO" class="daoImpl.SecondDAOImpl">
	    <constructor-arg>
	        <ref bean="dataSource" />
	    </constructor-arg>
	</bean>
	<bean id="userDao" class="daoImpl.UserDAOImpl">
	    <constructor-arg>
	        <ref bean="dataSource" />
	    </constructor-arg>
	</bean>
</beans>	