<?xml version="1.0" encoding="UTF-8"?>
<beans:beans xmlns="http://www.springframework.org/schema/security"
  xmlns:beans="http://www.springframework.org/schema/beans"
  xmlns:xsi="http://www.w3.org/2001/XMLSchema-instance"
  xsi:schemaLocation="http://www.springframework.org/schema/beans
           http://www.springframework.org/schema/beans/spring-beans-3.0.xsd
           http://www.springframework.org/schema/security
           http://www.springframework.org/schema/security/spring-security-3.1.xsd"> 
	<http auto-config="true">
                <access-denied-handler error-page="/accessdenied" />
                <form-login login-page="/login" default-target-url="/dashboard" authentication-failure-url="/login?error=1" 
			     username-parameter="username" password-parameter="password" />
                <intercept-url pattern="/dashboard" access="ROLE_USER,ROLE_SADMIN,ROLE_ADMIN,ROLE_OJF" />
                <intercept-url pattern="/changepassword" access="ROLE_USER,ROLE_SADMIN,ROLE_ADMIN" />
                <intercept-url pattern="/addexpatriate" access="ROLE_SADMIN,ROLE_ADMIN" />
                <intercept-url pattern="/saveexpatriate" access="ROLE_SADMIN,ROLE_ADMIN" />
                <intercept-url pattern="/viewexpatriates" access="ROLE_SADMIN,ROLE_ADMIN" />
                <intercept-url pattern="/editexpatriates" access="ROLE_SADMIN,ROLE_ADMIN" />
                <intercept-url pattern="/deleteexpatriates" access="ROLE_SADMIN,ROLE_ADMIN" />
                <intercept-url pattern="/viewexpatriatesreport" access="ROLE_SADMIN,ROLE_ADMIN" />
                <intercept-url pattern="/viewexpatriatesreports" access="ROLE_SADMIN,ROLE_ADMIN" />
                <intercept-url pattern="/addleavetypes" access="ROLE_SADMIN,ROLE_ADMIN" />
                <intercept-url pattern="/saveleavetypes" access="ROLE_SADMIN,ROLE_ADMIN" />
                <intercept-url pattern="/viewleavetypes" access="ROLE_SADMIN,ROLE_ADMIN" />
                <intercept-url pattern="/editleavetypes" access="ROLE_SADMIN,ROLE_ADMIN" />
                <intercept-url pattern="/disableleavetypes" access="ROLE_SADMIN,ROLE_ADMIN" />
                <intercept-url pattern="/viewleavetypesreport" access="ROLE_SADMIN,ROLE_ADMIN" />
                <intercept-url pattern="/viewleavetypesreport" access="ROLE_SADMIN,ROLE_ADMIN" />
                <intercept-url pattern="/addholiday" access="ROLE_SADMIN,ROLE_ADMIN" />
                <intercept-url pattern="/saveholiday" access="ROLE_SADMIN,ROLE_ADMIN" />
                <intercept-url pattern="/viewholidays" access="ROLE_SADMIN,ROLE_ADMIN" />
                <intercept-url pattern="/editholiday" access="ROLE_SADMIN,ROLE_ADMIN" />
                <intercept-url pattern="/deleteholiday" access="ROLE_SADMIN,ROLE_ADMIN" />
                <intercept-url pattern="/saveleave" access="ROLE_USER" />
                <intercept-url pattern="/viewleaves" access="ROLE_USER" />
                <intercept-url pattern="/editLeave" access="ROLE_USER" />
                <intercept-url pattern="/cancelLeave" access="ROLE_USER" />
                <intercept-url pattern="/viewleavesreport" access="ROLE_USER" />
                <intercept-url pattern="/viewleavesreports" access="ROLE_USER" />
                <intercept-url pattern="/viewallleavesadmin" access="ROLE_SADMIN,ROLE_ADMIN" />
                <intercept-url pattern="/leavetypescategory" access="ROLE_SADMIN,ROLE_ADMIN" />
                <intercept-url pattern="/viewleavesreportadmin" access="ROLE_SADMIN,ROLE_ADMIN" />
                <intercept-url pattern="/adminsettings" access="ROLE_SADMIN,ROLE_ADMIN" />
                <intercept-url pattern="/addojfgeneral" access="ROLE_OJF,ROLE_SADMIN,ROLE_ADMIN" />
                <intercept-url pattern="/saveojfgeneral" access="ROLE_OJF,ROLE_SADMIN,ROLE_ADMIN" />
                <intercept-url pattern="/confidential" access="ROLE_OJF" />
                <intercept-url pattern="/ojfidcard" access="ROLE_OJF" />
                <intercept-url pattern="/viewojfadmin" access="ROLE_USER,ROLE_OJF,ROLE_SADMIN,ROLE_ADMIN" />
                <intercept-url pattern="/viewojfadmins" access="ROLE_USER,ROLE_OJF,ROLE_SADMIN,ROLE_ADMIN" />
                <intercept-url pattern="/viewlistallojf" access="ROLE_SADMIN,ROLE_ADMIN" />
                
		<logout logout-success-url="/home" />
                <remember-me token-validity-seconds="1209600" data-source-ref="dataSource" />
	</http>

	<authentication-manager>
            <authentication-provider>
              <jdbc-user-service data-source-ref="dataSource" authorities-by-username-query="SELECT username,authority FROM users WHERE username = ?"
                   users-by-username-query="SELECT username, password,enabled FROM users WHERE username = ?"/>
            </authentication-provider>
        </authentication-manager>
</beans:beans>